,Date,RPM,Speed,nGear,Throttle,Brake,DRS,Source,Time,SessionTime,Distance
0,2022-11-13 18:14:12.357,11251,247,6,100,False,1,car,0 days 00:00:00.157000,0 days 01:13:11.331000,10.771944444444445
1,2022-11-13 18:14:12.518,11405,253,6,100,False,1,car,0 days 00:00:00.318000,0 days 01:13:11.492000,22.086666666666666
2,2022-11-13 18:14:12.878,11705,259,6,100,False,1,car,0 days 00:00:00.678000,0 days 01:13:11.852000,47.986666666666665
3,2022-11-13 18:14:13.078,11715,262,6,100,False,1,car,0 days 00:00:00.878000,0 days 01:13:12.052000,62.542222222222215
4,2022-11-13 18:14:13.238,11015,264,6,100,False,1,car,0 days 00:00:01.038000,0 days 01:13:12.212000,74.27555555555554
5,2022-11-13 18:14:13.558,10769,268,7,100,False,1,car,0 days 00:00:01.358000,0 days 01:13:12.532000,98.09777777777776
6,2022-11-13 18:14:13.758,10858,269,7,100,False,1,car,0 days 00:00:01.558000,0 days 01:13:12.732000,113.04222222222221
7,2022-11-13 18:14:14.237,10949,276,7,100,False,1,car,0 days 00:00:02.037000,0 days 01:13:13.211000,149.76555555555552
8,2022-11-13 18:14:14.437,11016,277,7,100,False,1,car,0 days 00:00:02.237000,0 days 01:13:13.411000,165.15444444444444
9,2022-11-13 18:14:14.677,11013,279,7,100,False,1,car,0 days 00:00:02.477000,0 days 01:13:13.651000,183.75444444444443
10,2022-11-13 18:14:14.877,11013,280,7,100,False,1,car,0 days 00:00:02.677000,0 days 01:13:13.851000,199.31
11,2022-11-13 18:14:15.317,11153,283,7,100,False,1,car,0 days 00:00:03.117000,0 days 01:13:14.291000,233.8988888888889
12,2022-11-13 18:14:15.477,11153,285,7,100,False,1,car,0 days 00:00:03.277000,0 days 01:13:14.451000,246.5655555555556
13,2022-11-13 18:14:15.637,11153,283,7,100,True,1,car,0 days 00:00:03.437000,0 days 01:13:14.611000,259.1433333333333
14,2022-11-13 18:14:15.877,10873,283,7,0,True,1,car,0 days 00:00:03.677000,0 days 01:13:14.851000,278.01
15,2022-11-13 18:14:16.277,10768,214,7,0,True,1,car,0 days 00:00:04.077000,0 days 01:13:15.251000,301.78777777777776
16,2022-11-13 18:14:16.517,10908,180,5,0,True,1,car,0 days 00:00:04.317000,0 days 01:13:15.491000,313.78777777777776
17,2022-11-13 18:14:16.837,11512,162,4,0,True,1,car,0 days 00:00:04.637000,0 days 01:13:15.811000,328.18777777777774
18,2022-11-13 18:14:17.157,10214,145,3,0,True,1,car,0 days 00:00:04.957000,0 days 01:13:16.131000,341.07666666666665
19,2022-11-13 18:14:17.397,11194,133,3,0,True,1,car,0 days 00:00:05.197000,0 days 01:13:16.371000,349.9433333333333
20,2022-11-13 18:14:17.557,11058,129,2,0,True,1,car,0 days 00:00:05.357000,0 days 01:13:16.531000,355.6766666666667
21,2022-11-13 18:14:17.797,10423,120,2,0,True,1,car,0 days 00:00:05.597000,0 days 01:13:16.771000,363.6766666666667
22,2022-11-13 18:14:17.997,10037,119,2,0,True,1,car,0 days 00:00:05.797000,0 days 01:13:16.971000,370.28777777777776
23,2022-11-13 18:14:18.317,10037,119,2,0,True,1,car,0 days 00:00:06.117000,0 days 01:13:17.291000,380.86555555555555
24,2022-11-13 18:14:18.557,10417,112,2,42,False,1,car,0 days 00:00:06.357000,0 days 01:13:17.531000,388.33222222222224
25,2022-11-13 18:14:18.717,10758,118,2,50,False,1,car,0 days 00:00:06.517000,0 days 01:13:17.691000,393.5766666666667
26,2022-11-13 18:14:18.997,10662,126,2,60,False,1,car,0 days 00:00:06.797000,0 days 01:13:17.971000,403.37666666666667
27,2022-11-13 18:14:19.438,9716,129,3,46,False,1,car,0 days 00:00:07.238000,0 days 01:13:18.412000,419.1791666666667
28,2022-11-13 18:14:19.638,9716,138,3,86,False,1,car,0 days 00:00:07.438000,0 days 01:13:18.612000,426.8458333333333
29,2022-11-13 18:14:19.838,10745,146,3,24,True,1,car,0 days 00:00:07.638000,0 days 01:13:18.812000,434.95694444444445
30,2022-11-13 18:14:20.118,10072,144,3,0,True,1,car,0 days 00:00:07.918000,0 days 01:13:19.092000,446.15694444444443
31,2022-11-13 18:14:20.398,9027,132,3,0,True,1,car,0 days 00:00:08.198000,0 days 01:13:19.372000,456.4236111111111
32,2022-11-13 18:14:20.677,8867,119,3,7,True,1,car,0 days 00:00:08.477000,0 days 01:13:19.651000,465.6461111111111
33,2022-11-13 18:14:21.157,8150,110,3,7,False,1,car,0 days 00:00:08.957000,0 days 01:13:20.131000,480.3127777777778
34,2022-11-13 18:14:21.397,7690,108,3,0,False,1,car,0 days 00:00:09.197000,0 days 01:13:20.371000,487.5127777777777
35,2022-11-13 18:14:21.717,7431,105,3,0,False,1,car,0 days 00:00:09.517000,0 days 01:13:20.691000,496.84611111111104
36,2022-11-13 18:14:21.997,8042,101,3,27,False,1,car,0 days 00:00:09.797000,0 days 01:13:20.971000,504.70166666666665
37,2022-11-13 18:14:22.277,7602,107,3,15,False,1,car,0 days 00:00:10.077000,0 days 01:13:21.251000,513.0238888888889
38,2022-11-13 18:14:22.557,8195,106,3,44,False,1,car,0 days 00:00:10.357000,0 days 01:13:21.531000,521.2683333333333
39,2022-11-13 18:14:22.797,8536,116,3,53,False,1,car,0 days 00:00:10.597000,0 days 01:13:21.771000,529.0016666666667
40,2022-11-13 18:14:22.957,8441,119,3,0,True,1,car,0 days 00:00:10.757000,0 days 01:13:21.931000,534.2905555555556
41,2022-11-13 18:14:23.237,7939,117,3,0,True,1,car,0 days 00:00:11.037000,0 days 01:13:22.211000,543.3905555555556
42,2022-11-13 18:14:23.437,8203,114,3,0,False,1,car,0 days 00:00:11.237000,0 days 01:13:22.411000,549.7238888888888
43,2022-11-13 18:14:23.637,8222,113,3,0,False,1,car,0 days 00:00:11.437000,0 days 01:13:22.611000,556.0016666666666
44,2022-11-13 18:14:23.797,8085,110,3,0,False,1,car,0 days 00:00:11.597000,0 days 01:13:22.771000,560.8905555555555
45,2022-11-13 18:14:24.077,8030,111,3,9,False,1,car,0 days 00:00:11.877000,0 days 01:13:23.051000,569.5238888888888
46,2022-11-13 18:14:24.437,8241,114,3,45,False,1,car,0 days 00:00:12.237000,0 days 01:13:23.411000,580.9238888888888
47,2022-11-13 18:14:24.717,8944,120,3,54,False,1,car,0 days 00:00:12.517000,0 days 01:13:23.691000,590.257222222222
48,2022-11-13 18:14:24.877,9243,122,3,61,False,1,car,0 days 00:00:12.677000,0 days 01:13:23.851000,595.6794444444442
49,2022-11-13 18:14:25.037,9490,128,3,63,False,1,car,0 days 00:00:12.837000,0 days 01:13:24.011000,601.3683333333331
50,2022-11-13 18:14:25.277,9770,133,3,63,False,1,car,0 days 00:00:13.077000,0 days 01:13:24.251000,610.2349999999998
51,2022-11-13 18:14:25.437,10619,140,3,81,False,1,car,0 days 00:00:13.237000,0 days 01:13:24.411000,616.457222222222
52,2022-11-13 18:14:25.678,11022,146,3,76,False,1,car,0 days 00:00:13.478000,0 days 01:13:24.652000,626.2311111111109
53,2022-11-13 18:14:25.918,10170,155,3,83,False,1,car,0 days 00:00:13.718000,0 days 01:13:24.892000,636.5644444444442
54,2022-11-13 18:14:26.158,10082,162,4,95,False,1,car,0 days 00:00:13.958000,0 days 01:13:25.132000,647.3644444444442
55,2022-11-13 18:14:26.438,10726,173,4,100,False,1,car,0 days 00:00:14.238000,0 days 01:13:25.412000,660.8199999999997
56,2022-11-13 18:14:26.758,9026,177,4,0,False,1,car,0 days 00:00:14.558000,0 days 01:13:25.732000,676.5533333333331
57,2022-11-13 18:14:26.918,9026,177,4,0,True,1,car,0 days 00:00:14.718000,0 days 01:13:25.892000,684.4199999999997
58,2022-11-13 18:14:27.078,9026,177,5,0,True,1,car,0 days 00:00:14.878000,0 days 01:13:26.052000,692.2866666666664
59,2022-11-13 18:14:27.397,7608,153,5,0,True,1,car,0 days 00:00:15.197000,0 days 01:13:26.371000,705.8441666666664
60,2022-11-13 18:14:27.557,7765,151,5,10,True,1,car,0 days 00:00:15.357000,0 days 01:13:26.531000,712.5552777777775
61,2022-11-13 18:14:27.757,8660,149,5,37,False,1,car,0 days 00:00:15.557000,0 days 01:13:26.731000,720.8330555555553
62,2022-11-13 18:14:28.237,9810,156,4,76,False,1,car,0 days 00:00:16.037000,0 days 01:13:27.211000,741.6330555555553
63,2022-11-13 18:14:28.437,9810,165,4,76,False,1,car,0 days 00:00:16.237000,0 days 01:13:27.411000,750.7997222222219
64,2022-11-13 18:14:28.597,10549,171,4,86,False,1,car,0 days 00:00:16.397000,0 days 01:13:27.571000,758.399722222222
65,2022-11-13 18:14:28.797,11026,178,4,100,False,1,car,0 days 00:00:16.597000,0 days 01:13:27.771000,768.288611111111
66,2022-11-13 18:14:28.957,11457,182,4,100,False,1,car,0 days 00:00:16.757000,0 days 01:13:27.931000,776.3774999999998
67,2022-11-13 18:14:29.277,11704,193,4,100,False,1,car,0 days 00:00:17.077000,0 days 01:13:28.251000,793.5330555555554
68,2022-11-13 18:14:29.437,11004,199,4,100,False,1,car,0 days 00:00:17.237000,0 days 01:13:28.411000,802.3774999999996
69,2022-11-13 18:14:29.637,10760,206,5,100,False,1,car,0 days 00:00:17.437000,0 days 01:13:28.611000,813.8219444444442
70,2022-11-13 18:14:29.797,11052,212,5,100,False,1,car,0 days 00:00:17.597000,0 days 01:13:28.771000,823.2441666666664
71,2022-11-13 18:14:30.157,11568,219,5,100,False,1,car,0 days 00:00:17.957000,0 days 01:13:29.131000,845.1441666666664
72,2022-11-13 18:14:30.357,11574,227,5,100,False,1,car,0 days 00:00:18.157000,0 days 01:13:29.331000,857.7552777777775
73,2022-11-13 18:14:30.517,10531,232,5,100,False,1,car,0 days 00:00:18.317000,0 days 01:13:29.491000,868.0663888888886
74,2022-11-13 18:14:30.837,10951,239,6,100,False,1,car,0 days 00:00:18.637000,0 days 01:13:29.811000,889.310833333333
75,2022-11-13 18:14:31.157,11186,246,6,100,False,1,car,0 days 00:00:18.957000,0 days 01:13:30.131000,911.1774999999997
76,2022-11-13 18:14:31.477,11430,253,6,100,False,1,car,0 days 00:00:19.277000,0 days 01:13:30.451000,933.6663888888886
77,2022-11-13 18:14:31.717,11538,258,6,100,False,1,car,0 days 00:00:19.517000,0 days 01:13:30.691000,950.8663888888885
78,2022-11-13 18:14:31.917,11720,261,6,100,False,1,car,0 days 00:00:19.717000,0 days 01:13:30.891000,965.3663888888885
79,2022-11-13 18:14:32.077,11789,263,6,100,False,1,car,0 days 00:00:19.877000,0 days 01:13:31.051000,977.0552777777774
80,2022-11-13 18:14:32.398,10652,269,7,100,False,1,car,0 days 00:00:20.198000,0 days 01:13:31.372000,1001.0411111111108
81,2022-11-13 18:14:32.838,10861,274,7,100,False,1,car,0 days 00:00:20.638000,0 days 01:13:31.812000,1034.5299999999997
82,2022-11-13 18:14:32.998,11007,277,7,100,False,1,car,0 days 00:00:20.798000,0 days 01:13:31.972000,1046.8411111111106
83,2022-11-13 18:14:33.278,11168,281,7,100,False,1,car,0 days 00:00:21.078000,0 days 01:13:32.252000,1068.6966666666663
84,2022-11-13 18:14:33.438,11193,281,7,86,False,1,car,0 days 00:00:21.238000,0 days 01:13:32.412000,1081.185555555555
85,2022-11-13 18:14:33.678,10763,282,7,81,True,1,car,0 days 00:00:21.478000,0 days 01:13:32.652000,1099.9855555555553
86,2022-11-13 18:14:33.878,10783,281,7,55,False,1,car,0 days 00:00:21.678000,0 days 01:13:32.852000,1115.5966666666664
87,2022-11-13 18:14:34.038,10976,282,7,81,False,1,car,0 days 00:00:21.838000,0 days 01:13:33.012000,1128.1299999999997
88,2022-11-13 18:14:34.317,11231,282,7,100,False,1,car,0 days 00:00:22.117000,0 days 01:13:33.291000,1149.9849999999997
89,2022-11-13 18:14:34.557,11314,285,7,100,False,1,car,0 days 00:00:22.357000,0 days 01:13:33.531000,1168.9849999999994
90,2022-11-13 18:14:34.717,11383,287,7,100,False,1,car,0 days 00:00:22.517000,0 days 01:13:33.691000,1181.740555555555
91,2022-11-13 18:14:34.957,11349,289,7,12,False,1,car,0 days 00:00:22.757000,0 days 01:13:33.931000,1201.0072222222218
92,2022-11-13 18:14:35.117,11349,286,7,12,False,1,car,0 days 00:00:22.917000,0 days 01:13:34.091000,1213.718333333333
93,2022-11-13 18:14:35.437,10828,281,7,0,True,1,car,0 days 00:00:23.237000,0 days 01:13:34.411000,1238.6961111111104
94,2022-11-13 18:14:35.637,10455,273,7,0,True,1,car,0 days 00:00:23.437000,0 days 01:13:34.611000,1253.8627777777774
95,2022-11-13 18:14:35.797,10336,264,7,0,True,1,car,0 days 00:00:23.597000,0 days 01:13:34.771000,1265.5961111111108
96,2022-11-13 18:14:35.957,10362,260,7,0,True,1,car,0 days 00:00:23.757000,0 days 01:13:34.931000,1277.1516666666664
97,2022-11-13 18:14:36.237,10582,242,6,0,True,1,car,0 days 00:00:24.037000,0 days 01:13:35.211000,1295.9738888888885
98,2022-11-13 18:14:36.477,11214,229,6,0,True,1,car,0 days 00:00:24.277000,0 days 01:13:35.451000,1311.2405555555554
99,2022-11-13 18:14:36.717,10406,223,5,0,True,1,car,0 days 00:00:24.517000,0 days 01:13:35.691000,1326.107222222222
100,2022-11-13 18:14:36.957,11162,196,5,0,True,1,car,0 days 00:00:24.757000,0 days 01:13:35.931000,1339.1738888888888
101,2022-11-13 18:14:37.237,10444,177,4,0,True,1,car,0 days 00:00:25.037000,0 days 01:13:36.211000,1352.9405555555554
102,2022-11-13 18:14:37.397,10864,165,4,0,True,1,car,0 days 00:00:25.197000,0 days 01:13:36.371000,1360.2738888888887
103,2022-11-13 18:14:37.677,10770,156,3,0,True,1,car,0 days 00:00:25.477000,0 days 01:13:36.651000,1372.4072222222221
104,2022-11-13 18:14:37.837,10555,148,3,0,True,1,car,0 days 00:00:25.637000,0 days 01:13:36.811000,1378.985
105,2022-11-13 18:14:38.157,9465,138,3,0,True,1,car,0 days 00:00:25.957000,0 days 01:13:37.131000,1391.2516666666666
106,2022-11-13 18:14:38.557,8843,127,3,0,True,1,car,0 days 00:00:26.357000,0 days 01:13:37.531000,1405.3627777777776
107,2022-11-13 18:14:38.717,8843,124,3,0,True,1,car,0 days 00:00:26.517000,0 days 01:13:37.691000,1410.8738888888888
108,2022-11-13 18:14:38.998,8430,120,3,0,True,1,car,0 days 00:00:26.798000,0 days 01:13:37.972000,1420.2405555555554
109,2022-11-13 18:14:39.158,8314,117,3,1,False,1,car,0 days 00:00:26.958000,0 days 01:13:38.132000,1425.4405555555554
110,2022-11-13 18:14:39.558,8478,116,3,25,False,1,car,0 days 00:00:27.358000,0 days 01:13:38.532000,1438.3294444444443
111,2022-11-13 18:14:39.758,8774,118,3,43,False,1,car,0 days 00:00:27.558000,0 days 01:13:38.732000,1444.8849999999998
112,2022-11-13 18:14:39.998,9194,122,3,58,False,1,car,0 days 00:00:27.798000,0 days 01:13:38.972000,1453.018333333333
113,2022-11-13 18:14:40.238,9657,130,3,73,False,1,car,0 days 00:00:28.038000,0 days 01:13:39.212000,1461.6849999999997
114,2022-11-13 18:14:40.478,10265,136,3,77,False,1,car,0 days 00:00:28.278000,0 days 01:13:39.452000,1470.7516666666663
115,2022-11-13 18:14:40.837,11301,147,3,100,False,1,car,0 days 00:00:28.637000,0 days 01:13:39.811000,1485.4108333333331
116,2022-11-13 18:14:41.037,11301,159,3,100,False,1,car,0 days 00:00:28.837000,0 days 01:13:40.011000,1494.2441666666664
117,2022-11-13 18:14:41.357,10715,171,4,100,False,1,car,0 days 00:00:29.157000,0 days 01:13:40.331000,1509.4441666666664
118,2022-11-13 18:14:41.517,11138,180,4,100,False,1,car,0 days 00:00:29.317000,0 days 01:13:40.491000,1517.4441666666664
119,2022-11-13 18:14:41.717,11418,184,4,100,False,1,car,0 days 00:00:29.517000,0 days 01:13:40.691000,1527.6663888888886
120,2022-11-13 18:14:42.037,11988,197,4,100,False,1,car,0 days 00:00:29.837000,0 days 01:13:41.011000,1545.1774999999998
121,2022-11-13 18:14:42.237,11011,202,4,100,False,1,car,0 days 00:00:30.037000,0 days 01:13:41.211000,1556.399722222222
122,2022-11-13 18:14:42.437,10536,208,5,100,False,1,car,0 days 00:00:30.237000,0 days 01:13:41.411000,1567.9552777777774
123,2022-11-13 18:14:42.717,11229,216,5,100,False,1,car,0 days 00:00:30.517000,0 days 01:13:41.691000,1584.7552777777773
124,2022-11-13 18:14:42.877,11401,219,5,100,False,1,car,0 days 00:00:30.677000,0 days 01:13:41.851000,1594.4886111111107
125,2022-11-13 18:14:43.157,11707,226,5,100,False,1,car,0 days 00:00:30.957000,0 days 01:13:42.131000,1612.0663888888885
126,2022-11-13 18:14:43.357,11792,229,5,100,False,1,car,0 days 00:00:31.157000,0 days 01:13:42.331000,1624.7886111111106
127,2022-11-13 18:14:43.597,10631,235,6,100,False,1,car,0 days 00:00:31.397000,0 days 01:13:42.571000,1640.4552777777772
128,2022-11-13 18:14:43.837,10816,238,6,100,False,1,car,0 days 00:00:31.637000,0 days 01:13:42.811000,1656.321944444444
129,2022-11-13 18:14:44.037,10952,242,6,100,False,1,car,0 days 00:00:31.837000,0 days 01:13:43.011000,1669.7663888888883
130,2022-11-13 18:14:44.397,11206,248,6,100,False,1,car,0 days 00:00:32.197000,0 days 01:13:43.371000,1694.5663888888885
131,2022-11-13 18:14:44.837,11289,254,6,100,False,1,car,0 days 00:00:32.637000,0 days 01:13:43.811000,1725.6108333333327
132,2022-11-13 18:14:44.997,11491,257,6,100,False,1,car,0 days 00:00:32.797000,0 days 01:13:43.971000,1737.0330555555547
133,2022-11-13 18:14:45.237,11608,259,6,100,False,1,car,0 days 00:00:33.037000,0 days 01:13:44.211000,1754.2997222222216
134,2022-11-13 18:14:45.518,11767,263,6,100,False,1,car,0 days 00:00:33.318000,0 days 01:13:44.492000,1774.8283333333327
135,2022-11-13 18:14:45.718,10673,265,7,100,False,1,car,0 days 00:00:33.518000,0 days 01:13:44.692000,1789.550555555555
136,2022-11-13 18:14:45.998,10727,269,7,100,False,1,car,0 days 00:00:33.798000,0 days 01:13:44.972000,1810.4727777777773
137,2022-11-13 18:14:46.278,10836,270,7,100,False,1,car,0 days 00:00:34.078000,0 days 01:13:45.252000,1831.4727777777773
138,2022-11-13 18:14:46.518,10894,274,7,100,False,1,car,0 days 00:00:34.318000,0 days 01:13:45.492000,1849.7394444444435
139,2022-11-13 18:14:46.758,11004,275,7,100,False,1,car,0 days 00:00:34.558000,0 days 01:13:45.732000,1868.072777777777
140,2022-11-13 18:14:46.918,10977,277,7,100,False,1,car,0 days 00:00:34.718000,0 days 01:13:45.892000,1880.3838888888884
141,2022-11-13 18:14:47.078,11035,277,7,100,False,1,car,0 days 00:00:34.878000,0 days 01:13:46.052000,1892.6949999999993
142,2022-11-13 18:14:47.238,11039,278,7,71,True,1,car,0 days 00:00:35.038000,0 days 01:13:46.212000,1905.0505555555546
143,2022-11-13 18:14:47.478,10768,274,7,0,True,1,car,0 days 00:00:35.278000,0 days 01:13:46.452000,1923.3172222222215
144,2022-11-13 18:14:47.717,9907,254,7,0,True,1,car,0 days 00:00:35.517000,0 days 01:13:46.691000,1940.1799999999996
145,2022-11-13 18:14:47.917,9907,241,7,0,True,1,car,0 days 00:00:35.717000,0 days 01:13:46.891000,1953.5688888888883
146,2022-11-13 18:14:48.077,9985,235,6,0,True,1,car,0 days 00:00:35.877000,0 days 01:13:47.051000,1964.0133333333329
147,2022-11-13 18:14:48.317,11216,215,6,0,True,1,car,0 days 00:00:36.117000,0 days 01:13:47.291000,1978.346666666666
148,2022-11-13 18:14:48.517,10334,207,5,0,True,1,car,0 days 00:00:36.317000,0 days 01:13:47.491000,1989.8466666666661
149,2022-11-13 18:14:48.797,9969,198,5,0,True,1,car,0 days 00:00:36.597000,0 days 01:13:47.771000,2005.2466666666662
150,2022-11-13 18:14:49.117,9641,193,5,7,False,1,car,0 days 00:00:36.917000,0 days 01:13:48.091000,2022.4022222222218
151,2022-11-13 18:14:49.397,9456,185,5,0,False,1,car,0 days 00:00:37.197000,0 days 01:13:48.371000,2036.7911111111107
152,2022-11-13 18:14:49.597,9336,181,5,25,False,1,car,0 days 00:00:37.397000,0 days 01:13:48.571000,2046.8466666666661
153,2022-11-13 18:14:49.837,9152,180,5,43,False,1,car,0 days 00:00:37.637000,0 days 01:13:48.811000,2058.8466666666664
154,2022-11-13 18:14:50.117,9281,180,5,50,False,1,car,0 days 00:00:37.917000,0 days 01:13:49.091000,2072.8466666666664
155,2022-11-13 18:14:50.437,9061,182,5,8,False,1,car,0 days 00:00:38.237000,0 days 01:13:49.411000,2089.0244444444443
156,2022-11-13 18:14:50.637,9061,179,5,8,False,1,car,0 days 00:00:38.437000,0 days 01:13:49.611000,2098.9688888888886
157,2022-11-13 18:14:50.837,10230,176,5,17,False,1,car,0 days 00:00:38.637000,0 days 01:13:49.811000,2108.7466666666664
158,2022-11-13 18:14:50.997,10336,173,4,7,False,1,car,0 days 00:00:38.797000,0 days 01:13:49.971000,2116.4355555555553
159,2022-11-13 18:14:51.237,10444,172,4,32,False,1,car,0 days 00:00:39.037000,0 days 01:13:50.211000,2127.902222222222
160,2022-11-13 18:14:51.437,10174,171,4,0,False,1,car,0 days 00:00:39.237000,0 days 01:13:50.411000,2137.402222222222
161,2022-11-13 18:14:51.597,10213,168,4,9,False,1,car,0 days 00:00:39.397000,0 days 01:13:50.571000,2144.8688888888887
162,2022-11-13 18:14:51.998,10199,167,4,51,False,1,car,0 days 00:00:39.798000,0 days 01:13:50.972000,2163.4708333333333
163,2022-11-13 18:14:52.318,10288,169,4,48,False,1,car,0 days 00:00:40.118000,0 days 01:13:51.292000,2178.4930555555557
164,2022-11-13 18:14:52.798,10751,177,4,62,False,1,car,0 days 00:00:40.598000,0 days 01:13:51.772000,2202.0930555555556
165,2022-11-13 18:14:52.998,11000,181,4,76,False,1,car,0 days 00:00:40.798000,0 days 01:13:51.972000,2212.148611111111
166,2022-11-13 18:14:53.198,11318,183,4,79,False,1,car,0 days 00:00:40.998000,0 days 01:13:52.172000,2222.3152777777777
167,2022-11-13 18:14:53.438,10623,183,4,0,True,1,car,0 days 00:00:41.238000,0 days 01:13:52.412000,2234.515277777778
168,2022-11-13 18:14:53.638,10318,173,4,0,True,1,car,0 days 00:00:41.438000,0 days 01:13:52.612000,2244.1263888888893
169,2022-11-13 18:14:53.838,9789,162,4,0,True,1,car,0 days 00:00:41.638000,0 days 01:13:52.812000,2253.1263888888893
170,2022-11-13 18:14:54.277,10174,149,3,0,True,1,car,0 days 00:00:42.077000,0 days 01:13:53.251000,2271.2961111111117
171,2022-11-13 18:14:54.477,9194,135,3,0,True,1,car,0 days 00:00:42.277000,0 days 01:13:53.451000,2278.7961111111117
172,2022-11-13 18:14:54.957,9697,114,2,0,True,1,car,0 days 00:00:42.757000,0 days 01:13:53.931000,2293.9961111111115
173,2022-11-13 18:14:55.157,9240,108,2,0,True,1,car,0 days 00:00:42.957000,0 days 01:13:54.131000,2299.9961111111115
174,2022-11-13 18:14:55.517,8289,98,2,0,True,1,car,0 days 00:00:43.317000,0 days 01:13:54.491000,2309.7961111111117
175,2022-11-13 18:14:55.677,7925,97,2,0,True,1,car,0 days 00:00:43.477000,0 days 01:13:54.651000,2314.107222222223
176,2022-11-13 18:14:55.957,7635,91,2,0,False,1,car,0 days 00:00:43.757000,0 days 01:13:54.931000,2321.185000000001
177,2022-11-13 18:14:56.237,7399,85,2,0,False,1,car,0 days 00:00:44.037000,0 days 01:13:55.211000,2327.796111111112
178,2022-11-13 18:14:56.597,7387,83,2,4,False,1,car,0 days 00:00:44.397000,0 days 01:13:55.571000,2336.0961111111124
179,2022-11-13 18:14:56.997,8167,88,2,32,False,1,car,0 days 00:00:44.797000,0 days 01:13:55.971000,2345.87388888889
180,2022-11-13 18:14:57.277,8393,91,2,27,False,1,car,0 days 00:00:45.077000,0 days 01:13:56.251000,2352.951666666668
181,2022-11-13 18:14:57.517,8665,95,2,28,False,1,car,0 days 00:00:45.317000,0 days 01:13:56.491000,2359.2850000000017
182,2022-11-13 18:14:57.837,9424,101,2,45,False,1,car,0 days 00:00:45.637000,0 days 01:13:56.811000,2368.2627777777793
183,2022-11-13 18:14:58.037,10028,106,2,57,False,1,car,0 days 00:00:45.837000,0 days 01:13:57.011000,2374.1516666666685
184,2022-11-13 18:14:58.237,10536,112,2,65,False,1,car,0 days 00:00:46.037000,0 days 01:13:57.211000,2380.3738888888906
185,2022-11-13 18:14:58.477,9035,119,2,82,False,1,car,0 days 00:00:46.277000,0 days 01:13:57.451000,2388.307222222224
186,2022-11-13 18:14:58.678,8415,123,3,0,True,1,car,0 days 00:00:46.478000,0 days 01:13:57.652000,2395.174722222224
187,2022-11-13 18:14:58.998,9836,115,3,0,True,1,car,0 days 00:00:46.798000,0 days 01:13:57.972000,2405.396944444446
188,2022-11-13 18:14:59.238,9575,110,2,0,True,1,car,0 days 00:00:47.038000,0 days 01:13:58.212000,2412.730277777779
189,2022-11-13 18:14:59.398,9403,108,2,0,True,1,car,0 days 00:00:47.198000,0 days 01:13:58.372000,2417.5302777777792
190,2022-11-13 18:14:59.758,8676,102,2,0,True,1,car,0 days 00:00:47.558000,0 days 01:13:58.732000,2427.730277777779
191,2022-11-13 18:14:59.918,8477,99,2,0,True,1,car,0 days 00:00:47.718000,0 days 01:13:58.892000,2432.130277777779
192,2022-11-13 18:15:00.238,8244,96,2,0,False,1,car,0 days 00:00:48.038000,0 days 01:13:59.212000,2440.6636111111125
193,2022-11-13 18:15:00.438,8244,93,2,5,False,1,car,0 days 00:00:48.238000,0 days 01:13:59.412000,2445.830277777779
194,2022-11-13 18:15:00.798,8606,94,2,31,False,1,car,0 days 00:00:48.598000,0 days 01:13:59.772000,2455.230277777779
195,2022-11-13 18:15:00.997,9026,94,2,31,False,1,car,0 days 00:00:48.797000,0 days 01:13:59.971000,2460.42638888889
196,2022-11-13 18:15:01.237,9344,94,2,46,False,1,car,0 days 00:00:49.037000,0 days 01:14:00.211000,2466.693055555557
197,2022-11-13 18:15:01.477,9492,102,2,50,False,1,car,0 days 00:00:49.277000,0 days 01:14:00.451000,2473.493055555557
198,2022-11-13 18:15:01.757,8985,116,2,56,False,1,car,0 days 00:00:49.557000,0 days 01:14:00.731000,2482.5152777777794
199,2022-11-13 18:15:02.037,9514,125,3,54,False,1,car,0 days 00:00:49.837000,0 days 01:14:01.011000,2492.2375000000015
200,2022-11-13 18:15:02.517,9949,134,3,56,False,1,car,0 days 00:00:50.317000,0 days 01:14:01.491000,2510.104166666668
201,2022-11-13 18:15:02.757,10629,137,3,68,False,1,car,0 days 00:00:50.557000,0 days 01:14:01.731000,2519.237500000001
202,2022-11-13 18:15:03.077,10987,145,3,78,False,1,car,0 days 00:00:50.877000,0 days 01:14:02.051000,2532.12638888889
203,2022-11-13 18:15:03.277,11041,152,3,87,False,1,car,0 days 00:00:51.077000,0 days 01:14:02.251000,2540.570833333334
204,2022-11-13 18:15:03.437,9921,159,3,100,False,1,car,0 days 00:00:51.237000,0 days 01:14:02.411000,2547.6375000000007
205,2022-11-13 18:15:03.797,10270,167,4,100,False,1,car,0 days 00:00:51.597000,0 days 01:14:02.771000,2564.3375000000005
206,2022-11-13 18:15:03.957,10651,167,4,100,False,1,car,0 days 00:00:51.757000,0 days 01:14:02.931000,2571.7597222222225
207,2022-11-13 18:15:04.237,11017,178,4,100,False,1,car,0 days 00:00:52.037000,0 days 01:14:03.211000,2585.604166666667
208,2022-11-13 18:15:04.597,10271,195,4,100,False,1,car,0 days 00:00:52.397000,0 days 01:14:03.571000,2605.104166666667
209,2022-11-13 18:15:04.757,10271,201,5,100,False,1,car,0 days 00:00:52.557000,0 days 01:14:03.731000,2614.0375000000004
210,2022-11-13 18:15:04.957,9981,201,5,0,True,1,car,0 days 00:00:52.757000,0 days 01:14:03.931000,2625.204166666667
211,2022-11-13 18:15:05.198,9468,186,5,0,True,1,car,0 days 00:00:52.998000,0 days 01:14:04.172000,2637.6558333333337
212,2022-11-13 18:15:05.358,10300,186,5,0,True,1,car,0 days 00:00:53.158000,0 days 01:14:04.332000,2645.9225000000006
213,2022-11-13 18:15:05.558,10880,162,4,0,True,1,car,0 days 00:00:53.358000,0 days 01:14:04.532000,2654.9225000000006
214,2022-11-13 18:15:05.918,10137,147,3,0,True,1,car,0 days 00:00:53.718000,0 days 01:14:04.892000,2669.622500000001
215,2022-11-13 18:15:06.238,10137,127,3,0,True,1,car,0 days 00:00:54.038000,0 days 01:14:05.212000,2680.9113888888896
216,2022-11-13 18:15:06.558,9573,123,2,0,True,1,car,0 days 00:00:54.358000,0 days 01:14:05.532000,2691.844722222223
217,2022-11-13 18:15:06.798,8964,106,2,0,True,1,car,0 days 00:00:54.598000,0 days 01:14:05.772000,2698.9113888888896
218,2022-11-13 18:15:07.118,8513,101,2,0,True,1,car,0 days 00:00:54.918000,0 days 01:14:06.092000,2707.8891666666673
219,2022-11-13 18:15:07.438,7776,92,2,0,True,1,car,0 days 00:00:55.238000,0 days 01:14:06.412000,2716.066944444445
220,2022-11-13 18:15:07.638,7521,89,2,0,True,1,car,0 days 00:00:55.438000,0 days 01:14:06.612000,2721.0113888888895
221,2022-11-13 18:15:07.877,7067,87,2,0,True,1,car,0 days 00:00:55.677000,0 days 01:14:06.851000,2726.7872222222227
222,2022-11-13 18:15:08.277,6826,80,2,1,False,1,car,0 days 00:00:56.077000,0 days 01:14:07.251000,2735.6761111111114
223,2022-11-13 18:15:08.477,6999,78,2,6,False,1,car,0 days 00:00:56.277000,0 days 01:14:07.451000,2740.009444444445
224,2022-11-13 18:15:08.917,7264,81,2,22,False,1,car,0 days 00:00:56.717000,0 days 01:14:07.891000,2749.909444444445
225,2022-11-13 18:15:09.117,7783,83,2,32,False,1,car,0 days 00:00:56.917000,0 days 01:14:08.091000,2754.5205555555563
226,2022-11-13 18:15:09.357,8320,85,2,44,False,1,car,0 days 00:00:57.157000,0 days 01:14:08.331000,2760.1872222222228
227,2022-11-13 18:15:09.517,8631,93,2,44,False,1,car,0 days 00:00:57.317000,0 days 01:14:08.491000,2764.320555555556
228,2022-11-13 18:15:09.957,9802,104,2,57,False,1,car,0 days 00:00:57.757000,0 days 01:14:08.931000,2777.031666666667
229,2022-11-13 18:15:10.157,10171,104,2,62,False,1,car,0 days 00:00:57.957000,0 days 01:14:09.131000,2782.809444444445
230,2022-11-13 18:15:10.397,11153,123,2,76,False,1,car,0 days 00:00:58.197000,0 days 01:14:09.371000,2791.0094444444453
231,2022-11-13 18:15:10.797,10535,135,2,100,False,1,car,0 days 00:00:58.597000,0 days 01:14:09.771000,2806.0094444444453
232,2022-11-13 18:15:11.197,10233,159,3,100,False,1,car,0 days 00:00:58.997000,0 days 01:14:10.171000,2823.676111111112
233,2022-11-13 18:15:11.357,10189,159,4,100,False,1,car,0 days 00:00:59.157000,0 days 01:14:10.331000,2830.7427777777784
234,2022-11-13 18:15:11.758,11030,178,4,100,False,1,car,0 days 00:00:59.558000,0 days 01:14:10.732000,2850.5700000000006
235,2022-11-13 18:15:12.038,11331,188,4,73,False,1,car,0 days 00:00:59.838000,0 days 01:14:11.012000,2865.192222222223
236,2022-11-13 18:15:12.278,10343,191,4,63,False,1,car,0 days 00:01:00.078000,0 days 01:14:11.252000,2877.9255555555565
237,2022-11-13 18:15:12.518,9712,194,5,46,False,1,car,0 days 00:01:00.318000,0 days 01:14:11.492000,2890.8588888888894
238,2022-11-13 18:15:12.878,9685,191,5,8,False,1,car,0 days 00:01:00.678000,0 days 01:14:11.852000,2909.9588888888893
239,2022-11-13 18:15:13.078,9869,189,5,55,False,1,car,0 days 00:01:00.878000,0 days 01:14:12.052000,2920.4588888888893
240,2022-11-13 18:15:13.318,9817,193,5,63,False,1,car,0 days 00:01:01.118000,0 days 01:14:12.292000,2933.325555555556
241,2022-11-13 18:15:13.558,10194,195,5,69,False,1,car,0 days 00:01:01.358000,0 days 01:14:12.532000,2946.3255555555556
242,2022-11-13 18:15:13.758,10352,197,5,74,False,1,car,0 days 00:01:01.558000,0 days 01:14:12.732000,2957.2700000000004
243,2022-11-13 18:15:13.958,10558,200,5,83,False,1,car,0 days 00:01:01.758000,0 days 01:14:12.932000,2968.3811111111117
244,2022-11-13 18:15:14.198,11118,209,5,100,False,1,car,0 days 00:01:01.998000,0 days 01:14:13.172000,2982.3144444444447
245,2022-11-13 18:15:14.517,11247,217,5,100,False,1,car,0 days 00:01:02.317000,0 days 01:14:13.491000,3001.543055555556
246,2022-11-13 18:15:14.877,11624,221,5,100,False,1,car,0 days 00:01:02.677000,0 days 01:14:13.851000,3023.6430555555557
247,2022-11-13 18:15:15.037,11624,226,5,100,False,1,car,0 days 00:01:02.837000,0 days 01:14:14.011000,3033.6875000000005
248,2022-11-13 18:15:15.317,11542,231,5,100,False,1,car,0 days 00:01:03.117000,0 days 01:14:14.291000,3051.6541666666667
249,2022-11-13 18:15:15.557,10692,236,6,100,False,1,car,0 days 00:01:03.357000,0 days 01:14:14.531000,3067.3875000000003
250,2022-11-13 18:15:15.797,10916,241,6,100,False,1,car,0 days 00:01:03.597000,0 days 01:14:14.771000,3083.454166666667
251,2022-11-13 18:15:16.037,10630,241,6,0,True,1,car,0 days 00:01:03.837000,0 days 01:14:15.011000,3099.5208333333335
252,2022-11-13 18:15:16.197,10181,225,6,0,True,1,car,0 days 00:01:03.997000,0 days 01:14:15.171000,3109.5208333333335
253,2022-11-13 18:15:16.437,10292,211,6,0,True,1,car,0 days 00:01:04.237000,0 days 01:14:15.411000,3123.5874999999996
254,2022-11-13 18:15:17.037,10743,171,4,0,True,1,car,0 days 00:01:04.837000,0 days 01:14:16.011000,3152.0875
255,2022-11-13 18:15:17.357,10519,151,3,0,True,1,car,0 days 00:01:05.157000,0 days 01:14:16.331000,3165.509722222222
256,2022-11-13 18:15:17.557,10118,140,3,0,True,1,car,0 days 00:01:05.357000,0 days 01:14:16.531000,3173.2875
257,2022-11-13 18:15:17.957,8387,123,3,0,True,1,car,0 days 00:01:05.757000,0 days 01:14:16.931000,3186.954166666667
258,2022-11-13 18:15:18.237,7909,114,3,0,True,1,car,0 days 00:01:06.037000,0 days 01:14:17.211000,3195.8208333333337
259,2022-11-13 18:15:18.478,7424,108,3,0,True,1,car,0 days 00:01:06.278000,0 days 01:14:17.452000,3203.0508333333337
260,2022-11-13 18:15:18.838,7075,101,3,0,False,1,car,0 days 00:01:06.638000,0 days 01:14:17.812000,3213.1508333333336
261,2022-11-13 18:15:19.198,7215,97,3,19,False,1,car,0 days 00:01:06.998000,0 days 01:14:18.172000,3222.8508333333334
262,2022-11-13 18:15:19.558,7640,100,3,32,False,1,car,0 days 00:01:07.358000,0 days 01:14:18.532000,3232.8508333333334
263,2022-11-13 18:15:19.718,7759,102,3,36,False,1,car,0 days 00:01:07.518000,0 days 01:14:18.692000,3237.3841666666667
264,2022-11-13 18:15:19.998,8171,108,3,48,False,1,car,0 days 00:01:07.798000,0 days 01:14:18.972000,3245.784166666667
265,2022-11-13 18:15:20.158,8562,111,3,53,False,1,car,0 days 00:01:07.958000,0 days 01:14:19.132000,3250.7175
266,2022-11-13 18:15:20.358,8862,115,3,60,False,1,car,0 days 00:01:08.158000,0 days 01:14:19.332000,3257.1063888888893
267,2022-11-13 18:15:20.558,9472,122,3,71,False,1,car,0 days 00:01:08.358000,0 days 01:14:19.532000,3263.884166666667
268,2022-11-13 18:15:20.798,9954,131,3,79,False,1,car,0 days 00:01:08.598000,0 days 01:14:19.772000,3272.6175000000003
269,2022-11-13 18:15:21.157,10665,143,3,91,False,1,car,0 days 00:01:08.957000,0 days 01:14:20.131000,3286.8777777777777
270,2022-11-13 18:15:21.477,10503,157,3,100,False,1,car,0 days 00:01:09.277000,0 days 01:14:20.451000,3300.8333333333335
271,2022-11-13 18:15:21.757,10605,168,4,100,False,1,car,0 days 00:01:09.557000,0 days 01:14:20.731000,3313.9
272,2022-11-13 18:15:22.197,11481,187,4,100,False,1,car,0 days 00:01:09.997000,0 days 01:14:21.171000,3336.7555555555555
273,2022-11-13 18:15:22.357,11720,190,4,100,False,1,car,0 days 00:01:10.157000,0 days 01:14:21.331000,3345.2
274,2022-11-13 18:15:22.517,11953,196,4,100,False,1,car,0 days 00:01:10.317000,0 days 01:14:21.491000,3353.9111111111106
275,2022-11-13 18:15:22.797,10933,203,4,100,False,1,car,0 days 00:01:10.597000,0 days 01:14:21.771000,3369.6999999999994
276,2022-11-13 18:15:23.197,11113,213,5,100,False,1,car,0 days 00:01:10.997000,0 days 01:14:22.171000,3393.3666666666663
277,2022-11-13 18:15:23.437,11265,216,5,100,False,1,car,0 days 00:01:11.237000,0 days 01:14:22.411000,3407.766666666666
278,2022-11-13 18:15:23.597,11470,223,5,100,False,1,car,0 days 00:01:11.397000,0 days 01:14:22.571000,3417.677777777778
279,2022-11-13 18:15:23.957,11853,229,5,100,False,1,car,0 days 00:01:11.757000,0 days 01:14:22.931000,3440.577777777778
280,2022-11-13 18:15:24.237,10593,234,6,100,False,1,car,0 days 00:01:12.037000,0 days 01:14:23.211000,3458.7777777777783
281,2022-11-13 18:15:24.637,10902,241,6,100,False,1,car,0 days 00:01:12.437000,0 days 01:14:23.611000,3485.5555555555557
282,2022-11-13 18:15:25.038,11173,248,6,100,False,1,car,0 days 00:01:12.838000,0 days 01:14:24.012000,3513.18
283,2022-11-13 18:15:25.278,11327,251,6,100,False,1,car,0 days 00:01:13.078000,0 days 01:14:24.252000,3529.913333333334
284,2022-11-13 18:15:25.478,11462,253,6,100,False,1,car,0 days 00:01:13.278000,0 days 01:14:24.452000,3543.9688888888895
285,2022-11-13 18:15:25.758,11592,257,6,100,False,1,car,0 days 00:01:13.558000,0 days 01:14:24.732000,3563.9577777777786
286,2022-11-13 18:15:26.118,10842,259,6,100,False,1,car,0 days 00:01:13.918000,0 days 01:14:25.092000,3589.8577777777787
287,2022-11-13 18:15:26.558,10623,262,7,100,False,1,car,0 days 00:01:14.358000,0 days 01:14:25.532000,3621.8800000000006
288,2022-11-13 18:15:26.958,10797,268,7,100,False,1,car,0 days 00:01:14.758000,0 days 01:14:25.932000,3651.6577777777775
289,2022-11-13 18:15:27.158,10828,270,7,100,False,1,car,0 days 00:01:14.958000,0 days 01:14:26.132000,3666.6577777777775
290,2022-11-13 18:15:27.318,10928,271,7,100,False,1,car,0 days 00:01:15.118000,0 days 01:14:26.292000,3678.7022222222217
291,2022-11-13 18:15:27.558,10936,273,7,100,False,1,car,0 days 00:01:15.358000,0 days 01:14:26.532000,3696.9022222222225
292,2022-11-13 18:15:27.837,10981,276,7,100,False,1,car,0 days 00:01:15.637000,0 days 01:14:26.811000,3718.2922222222223
293,2022-11-13 18:15:28.197,11090,279,7,100,False,1,car,0 days 00:01:15.997000,0 days 01:14:27.171000,3746.1922222222224
294,2022-11-13 18:15:28.477,11232,281,7,100,False,1,car,0 days 00:01:16.277000,0 days 01:14:27.451000,3768.0477777777783
295,2022-11-13 18:15:28.757,11317,283,7,100,False,1,car,0 days 00:01:16.557000,0 days 01:14:27.731000,3790.0588888888897
296,2022-11-13 18:15:28.957,11338,285,7,100,False,1,car,0 days 00:01:16.757000,0 days 01:14:27.931000,3805.892222222223
297,2022-11-13 18:15:29.197,11416,287,7,100,False,1,car,0 days 00:01:16.997000,0 days 01:14:28.171000,3825.025555555556
298,2022-11-13 18:15:29.437,11432,288,7,100,False,1,car,0 days 00:01:17.237000,0 days 01:14:28.411000,3844.2255555555557
299,2022-11-13 18:15:29.637,11493,290,7,100,False,1,car,0 days 00:01:17.437000,0 days 01:14:28.611000,3860.336666666667
300,2022-11-13 18:15:29.957,11494,290,7,100,False,1,car,0 days 00:01:17.757000,0 days 01:14:28.931000,3886.1144444444453
301,2022-11-13 18:15:30.237,11628,292,7,100,False,1,car,0 days 00:01:18.037000,0 days 01:14:29.211000,3908.8255555555565
302,2022-11-13 18:15:30.437,11555,293,7,100,False,1,car,0 days 00:01:18.237000,0 days 01:14:29.411000,3925.1033333333335
303,2022-11-13 18:15:30.877,11351,292,7,100,False,1,car,0 days 00:01:18.677000,0 days 01:14:29.851000,3960.7922222222232
304,2022-11-13 18:15:31.237,10621,273,7,0,True,1,car,0 days 00:01:19.037000,0 days 01:14:30.211000,3988.0922222222234
305,2022-11-13 18:15:31.478,10192,257,7,0,True,1,car,0 days 00:01:19.278000,0 days 01:14:30.452000,4005.2969444444457
306,2022-11-13 18:15:31.638,9525,242,7,0,True,1,car,0 days 00:01:19.438000,0 days 01:14:30.612000,4016.052500000001
307,2022-11-13 18:15:31.838,10663,227,7,0,True,1,car,0 days 00:01:19.638000,0 days 01:14:30.812000,4028.6636111111125
308,2022-11-13 18:15:32.118,10938,215,6,0,True,1,car,0 days 00:01:19.918000,0 days 01:14:31.092000,4045.3858333333346
309,2022-11-13 18:15:32.318,11640,200,5,0,True,1,car,0 days 00:01:20.118000,0 days 01:14:31.292000,4056.496944444445
310,2022-11-13 18:15:32.558,11215,189,4,0,True,1,car,0 days 00:01:20.358000,0 days 01:14:31.532000,4069.0969444444454
311,2022-11-13 18:15:32.878,11022,178,4,0,True,1,car,0 days 00:01:20.678000,0 days 01:14:31.852000,4084.9191666666675
312,2022-11-13 18:15:33.318,10328,144,3,0,True,1,car,0 days 00:01:21.118000,0 days 01:14:32.292000,4102.519166666667
313,2022-11-13 18:15:33.558,10260,134,3,0,True,1,car,0 days 00:01:21.358000,0 days 01:14:32.532000,4111.4525
314,2022-11-13 18:15:33.958,9783,115,2,0,True,1,car,0 days 00:01:21.758000,0 days 01:14:32.932000,4124.230277777778
315,2022-11-13 18:15:34.198,8805,106,2,0,True,1,car,0 days 00:01:21.998000,0 days 01:14:33.172000,4131.296944444444
316,2022-11-13 18:15:34.358,8321,96,2,0,True,1,car,0 days 00:01:22.158000,0 days 01:14:33.332000,4135.563611111111
317,2022-11-13 18:15:34.837,6571,75,2,22,True,1,car,0 days 00:01:22.637000,0 days 01:14:33.811000,4145.542777777778
318,2022-11-13 18:15:35.237,6847,78,2,54,False,1,car,0 days 00:01:23.037000,0 days 01:14:34.211000,4154.209444444445
319,2022-11-13 18:15:35.477,6873,78,2,55,False,1,car,0 days 00:01:23.277000,0 days 01:14:34.451000,4159.4094444444445
320,2022-11-13 18:15:35.797,7005,79,2,55,False,1,car,0 days 00:01:23.597000,0 days 01:14:34.771000,4166.431666666666
321,2022-11-13 18:15:36.037,6840,79,2,57,False,1,car,0 days 00:01:23.837000,0 days 01:14:35.011000,4171.698333333333
322,2022-11-13 18:15:36.437,6938,79,2,57,False,1,car,0 days 00:01:24.237000,0 days 01:14:35.411000,4180.47611111111
323,2022-11-13 18:15:36.757,7021,79,2,55,False,1,car,0 days 00:01:24.557000,0 days 01:14:35.731000,4187.498333333333
324,2022-11-13 18:15:37.117,6923,79,2,61,False,1,car,0 days 00:01:24.917000,0 days 01:14:36.091000,4195.398333333333
325,2022-11-13 18:15:37.277,7076,79,2,62,False,1,car,0 days 00:01:25.077000,0 days 01:14:36.251000,4198.909444444444
326,2022-11-13 18:15:37.597,7029,79,2,62,False,1,car,0 days 00:01:25.397000,0 days 01:14:36.571000,4205.931666666666
327,2022-11-13 18:15:37.877,7020,79,2,61,False,1,car,0 days 00:01:25.677000,0 days 01:14:36.851000,4212.076111111111
328,2022-11-13 18:15:38.078,6968,80,2,61,False,1,car,0 days 00:01:25.878000,0 days 01:14:37.052000,4216.542777777777
